Nom;CDC;NIF;STAT;Adresse;Contact;E-Mail;Langue;Observation
Polish Humanitarian Action (PHA);NS-CL-0001;4018084367;94951 11 2023 0 05200;RN12-Fort-Dauphin, 614-Madagascar PAH Madagascar-Villa Lia-Amparihy;+261 38 02 223 10 / JEANNE;jeane.voalisoa@pah.org.pl;FR;
Africa Sand Dam Foundation (ASDF);NS-CL-0002;P051340106H;;P.O Box 205-90101, MASIL, Republic of Kenia.;+261 34 87 545 90 - Mme NIRINA;;FR;
ZARA SERVICE;NS-CL-0003;4002425487;74908 53 2016 0 00474;Esokaka-Fort-Dauphin (614);+261 34 94 283 62;;FR;
Société MANIA;NS-CL-0004;3018296207;46101 31 2023 0 014 14;Fokapo - Fort-Dauphin (614);038 56 493 00 & 033 86 212 82;rabarivelomany@gmail.com;FR;
Société TANIAAUSTRAL;NS-CL-0005;3002511720;49295 53 2016 0 00540;Amboanato Fort-Dauphin (614);034 20 044 63;taniaustral@gmail.com;FR;
CANOPY;NS-CL-0006;;;Antananarivo;+261 34 50 567 28;stephanie.rabenja@canopy-energie.com;FR;
Association Fanambinana;NS-CL-0007;;;Esokaka-Fort-Dauphin, 614-Madagascar;+261 34 84 709 40;association.fanambina@gmail.com;FR;
ASSOCIATION MAZAVA;NS-CL-0008;;;;;v.massourie@gmail.com;FR;
JACARANDAS;NS-CL-0009;;;Bazarikely Fort-Dauphin (614);+261 34 54 589 67;fifi.jacarandas@gmail.com;FR;
ENTREPRISE HARIAINA;NS-CL-0010;3003370521;41001 11 2019 0 03154;Lot III D Ankadilalana, Antananarivo Madagascar;+261 34 86 243 46;compta.hariaina@gmail.com;FR;
Nouveau client 001;NS-CL-0011;;;;;;;;
Nouveau client 002;NS-CL-0012;;;;;;;;
Nouveau client 003;NS-CL-0013;;;;;;;;
Nouveau client 004;NS-CL-0014;;;;;;;;
Nouveau client 005;NS-CL-0015;;;;;;;;
Nouveau client 006;NS-CL-0016;;;;;;;;
Nouveau client 007;NS-CL-0017;;;;;;;;
Nouveau client 008;NS-CL-0018;;;;;;;;
Nouveau client 009;NS-CL-0019;;;;;;;;
Nouveau client 010;NS-CL-0020;;;;;;;;
Nouveau client 011;NS-CL-0021;;;;;;;;
Nouveau client 012;NS-CL-0022;;;;;;;;
Nouveau client 013;NS-CL-0023;;;;;;;;
Nouveau client 014;NS-CL-0024;;;;;;;;
Nouveau client 015;NS-CL-0025;;;;;;;;
Nouveau client 016;NS-CL-0026;;;;;;;;
Nouveau client 017;NS-CL-0027;;;;;;;;
Nouveau client 018;NS-CL-0028;;;;;;;;
Nouveau client 019;NS-CL-0029;;;;;;;;
Nouveau client 020;NS-CL-0030;;;;;;;;
